<annotation>
	<folder>train</folder>
	<filename>cam_image51.jpg</filename>
	<path>C:\tensorflow_cards\train\cam_image51.jpg</path>
	<source>
		<database>Unknown</database>
	</source>
	<size>
		<width>960</width>
		<height>540</height>
		<depth>3</depth>
	</size>
	<segmented>0</segmented>
	<object>
		<name>jack</name>
		<pose>Unspecified</pose>
		<truncated>0</truncated>
		<difficult>0</difficult>
		<bndbox>
			<xmin>530</xmin>
			<ymin>154</ymin>
			<xmax>696</xmax>
			<ymax>371</ymax>
		</bndbox>
	</object>
	<object>
		<name>jack</name>
		<pose>Unspecified</pose>
		<truncated>0</truncated>
		<difficult>0</difficult>
		<bndbox>
			<xmin>304</xmin>
			<ymin>25</ymin>
			<xmax>467</xmax>
			<ymax>239</ymax>
		</bndbox>
	</object>
	<object>
		<name>king</name>
		<pose>Unspecified</pose>
		<truncated>0</truncated>
		<difficult>0</difficult>
		<bndbox>
			<xmin>333</xmin>
			<ymin>289</ymin>
			<xmax>518</xmax>
			<ymax>529</ymax>
		</bndbox>
	</object>
</annotation>
