<annotation>
	<folder>train</folder>
	<filename>cam_image25.jpg</filename>
	<path>C:\tensorflow_cards\train\cam_image25.jpg</path>
	<source>
		<database>Unknown</database>
	</source>
	<size>
		<width>960</width>
		<height>540</height>
		<depth>3</depth>
	</size>
	<segmented>0</segmented>
	<object>
		<name>king</name>
		<pose>Unspecified</pose>
		<truncated>0</truncated>
		<difficult>0</difficult>
		<bndbox>
			<xmin>329</xmin>
			<ymin>94</ymin>
			<xmax>584</xmax>
			<ymax>410</ymax>
		</bndbox>
	</object>
</annotation>
