<annotation>
	<folder>train</folder>
	<filename>cam_image1.jpg</filename>
	<path>C:\tensorflow_cards\train\cam_image1.jpg</path>
	<source>
		<database>Unknown</database>
	</source>
	<size>
		<width>480</width>
		<height>270</height>
		<depth>3</depth>
	</size>
	<segmented>0</segmented>
	<object>
		<name>queen</name>
		<pose>Unspecified</pose>
		<truncated>0</truncated>
		<difficult>0</difficult>
		<bndbox>
			<xmin>173</xmin>
			<ymin>24</ymin>
			<xmax>260</xmax>
			<ymax>137</ymax>
		</bndbox>
	</object>
	<object>
		<name>queen</name>
		<pose>Unspecified</pose>
		<truncated>0</truncated>
		<difficult>0</difficult>
		<bndbox>
			<xmin>165</xmin>
			<ymin>135</ymin>
			<xmax>253</xmax>
			<ymax>251</ymax>
		</bndbox>
	</object>
	<object>
		<name>ten</name>
		<pose>Unspecified</pose>
		<truncated>0</truncated>
		<difficult>0</difficult>
		<bndbox>
			<xmin>255</xmin>
			<ymin>96</ymin>
			<xmax>337</xmax>
			<ymax>208</ymax>
		</bndbox>
	</object>
</annotation>
