<annotation>
	<folder>train</folder>
	<filename>cam_image54.jpg</filename>
	<path>C:\tensorflow_cards\train\cam_image54.jpg</path>
	<source>
		<database>Unknown</database>
	</source>
	<size>
		<width>960</width>
		<height>540</height>
		<depth>3</depth>
	</size>
	<segmented>0</segmented>
	<object>
		<name>queen</name>
		<pose>Unspecified</pose>
		<truncated>0</truncated>
		<difficult>0</difficult>
		<bndbox>
			<xmin>346</xmin>
			<ymin>50</ymin>
			<xmax>521</xmax>
			<ymax>276</ymax>
		</bndbox>
	</object>
	<object>
		<name>queen</name>
		<pose>Unspecified</pose>
		<truncated>0</truncated>
		<difficult>0</difficult>
		<bndbox>
			<xmin>324</xmin>
			<ymin>273</ymin>
			<xmax>508</xmax>
			<ymax>502</ymax>
		</bndbox>
	</object>
	<object>
		<name>ten</name>
		<pose>Unspecified</pose>
		<truncated>0</truncated>
		<difficult>0</difficult>
		<bndbox>
			<xmin>508</xmin>
			<ymin>194</ymin>
			<xmax>675</xmax>
			<ymax>416</ymax>
		</bndbox>
	</object>
</annotation>
