<annotation>
	<folder>train</folder>
	<filename>cam_image39.jpg</filename>
	<path>C:\tensorflow_cards\train\cam_image39.jpg</path>
	<source>
		<database>Unknown</database>
	</source>
	<size>
		<width>960</width>
		<height>540</height>
		<depth>3</depth>
	</size>
	<segmented>0</segmented>
	<object>
		<name>jack</name>
		<pose>Unspecified</pose>
		<truncated>0</truncated>
		<difficult>0</difficult>
		<bndbox>
			<xmin>346</xmin>
			<ymin>159</ymin>
			<xmax>521</xmax>
			<ymax>402</ymax>
		</bndbox>
	</object>
	<object>
		<name>king</name>
		<pose>Unspecified</pose>
		<truncated>0</truncated>
		<difficult>0</difficult>
		<bndbox>
			<xmin>134</xmin>
			<ymin>156</ymin>
			<xmax>332</xmax>
			<ymax>412</ymax>
		</bndbox>
	</object>
	<object>
		<name>nine</name>
		<pose>Unspecified</pose>
		<truncated>0</truncated>
		<difficult>0</difficult>
		<bndbox>
			<xmin>534</xmin>
			<ymin>158</ymin>
			<xmax>702</xmax>
			<ymax>400</ymax>
		</bndbox>
	</object>
</annotation>
