<annotation>
	<folder>train</folder>
	<filename>cam_image50.jpg</filename>
	<path>C:\tensorflow_cards\train\cam_image50.jpg</path>
	<source>
		<database>Unknown</database>
	</source>
	<size>
		<width>960</width>
		<height>540</height>
		<depth>3</depth>
	</size>
	<segmented>0</segmented>
	<object>
		<name>nine</name>
		<pose>Unspecified</pose>
		<truncated>0</truncated>
		<difficult>0</difficult>
		<bndbox>
			<xmin>344</xmin>
			<ymin>10</ymin>
			<xmax>518</xmax>
			<ymax>248</ymax>
		</bndbox>
	</object>
	<object>
		<name>nine</name>
		<pose>Unspecified</pose>
		<truncated>0</truncated>
		<difficult>0</difficult>
		<bndbox>
			<xmin>542</xmin>
			<ymin>279</ymin>
			<xmax>736</xmax>
			<ymax>537</ymax>
		</bndbox>
	</object>
	<object>
		<name>king</name>
		<pose>Unspecified</pose>
		<truncated>0</truncated>
		<difficult>0</difficult>
		<bndbox>
			<xmin>339</xmin>
			<ymin>276</ymin>
			<xmax>518</xmax>
			<ymax>529</ymax>
		</bndbox>
	</object>
	<object>
		<name>ace</name>
		<pose>Unspecified</pose>
		<truncated>0</truncated>
		<difficult>0</difficult>
		<bndbox>
			<xmin>547</xmin>
			<ymin>3</ymin>
			<xmax>733</xmax>
			<ymax>246</ymax>
		</bndbox>
	</object>
</annotation>
