<annotation>
	<folder>train</folder>
	<filename>cam_image52.jpg</filename>
	<path>C:\tensorflow_cards\train\cam_image52.jpg</path>
	<source>
		<database>Unknown</database>
	</source>
	<size>
		<width>960</width>
		<height>540</height>
		<depth>3</depth>
	</size>
	<segmented>0</segmented>
	<object>
		<name>king</name>
		<pose>Unspecified</pose>
		<truncated>0</truncated>
		<difficult>0</difficult>
		<bndbox>
			<xmin>545</xmin>
			<ymin>27</ymin>
			<xmax>710</xmax>
			<ymax>255</ymax>
		</bndbox>
	</object>
	<object>
		<name>queen</name>
		<pose>Unspecified</pose>
		<truncated>0</truncated>
		<difficult>0</difficult>
		<bndbox>
			<xmin>347</xmin>
			<ymin>13</ymin>
			<xmax>525</xmax>
			<ymax>239</ymax>
		</bndbox>
	</object>
	<object>
		<name>queen</name>
		<pose>Unspecified</pose>
		<truncated>0</truncated>
		<difficult>0</difficult>
		<bndbox>
			<xmin>443</xmin>
			<ymin>289</ymin>
			<xmax>617</xmax>
			<ymax>523</ymax>
		</bndbox>
	</object>
</annotation>
