<annotation>
	<folder>train</folder>
	<filename>cam_image9.jpg</filename>
	<path>C:\tensorflow_cards\train\cam_image9.jpg</path>
	<source>
		<database>Unknown</database>
	</source>
	<size>
		<width>960</width>
		<height>540</height>
		<depth>3</depth>
	</size>
	<segmented>0</segmented>
	<object>
		<name>nine</name>
		<pose>Unspecified</pose>
		<truncated>0</truncated>
		<difficult>0</difficult>
		<bndbox>
			<xmin>103</xmin>
			<ymin>169</ymin>
			<xmax>305</xmax>
			<ymax>438</ymax>
		</bndbox>
	</object>
	<object>
		<name>queen</name>
		<pose>Unspecified</pose>
		<truncated>0</truncated>
		<difficult>0</difficult>
		<bndbox>
			<xmin>362</xmin>
			<ymin>154</ymin>
			<xmax>585</xmax>
			<ymax>441</ymax>
		</bndbox>
	</object>
</annotation>
