<annotation>
	<folder>train</folder>
	<filename>cam_image10.jpg</filename>
	<path>C:\tensorflow_cards\train\cam_image10.jpg</path>
	<source>
		<database>Unknown</database>
	</source>
	<size>
		<width>960</width>
		<height>540</height>
		<depth>3</depth>
	</size>
	<segmented>0</segmented>
	<object>
		<name>ten</name>
		<pose>Unspecified</pose>
		<truncated>0</truncated>
		<difficult>0</difficult>
		<bndbox>
			<xmin>501</xmin>
			<ymin>116</ymin>
			<xmax>700</xmax>
			<ymax>353</ymax>
		</bndbox>
	</object>
	<object>
		<name>queen</name>
		<pose>Unspecified</pose>
		<truncated>0</truncated>
		<difficult>0</difficult>
		<bndbox>
			<xmin>261</xmin>
			<ymin>124</ymin>
			<xmax>453</xmax>
			<ymax>370</ymax>
		</bndbox>
	</object>
</annotation>
