<annotation>
	<folder>train</folder>
	<filename>cam_image40.jpg</filename>
	<path>C:\tensorflow_cards\train\cam_image40.jpg</path>
	<source>
		<database>Unknown</database>
	</source>
	<size>
		<width>960</width>
		<height>540</height>
		<depth>3</depth>
	</size>
	<segmented>0</segmented>
	<object>
		<name>nine</name>
		<pose>Unspecified</pose>
		<truncated>0</truncated>
		<difficult>0</difficult>
		<bndbox>
			<xmin>152</xmin>
			<ymin>123</ymin>
			<xmax>323</xmax>
			<ymax>361</ymax>
		</bndbox>
	</object>
	<object>
		<name>jack</name>
		<pose>Unspecified</pose>
		<truncated>0</truncated>
		<difficult>0</difficult>
		<bndbox>
			<xmin>340</xmin>
			<ymin>102</ymin>
			<xmax>521</xmax>
			<ymax>352</ymax>
		</bndbox>
	</object>
	<object>
		<name>ace</name>
		<pose>Unspecified</pose>
		<truncated>0</truncated>
		<difficult>0</difficult>
		<bndbox>
			<xmin>549</xmin>
			<ymin>110</ymin>
			<xmax>736</xmax>
			<ymax>360</ymax>
		</bndbox>
	</object>
</annotation>
