<annotation>
	<folder>train</folder>
	<filename>IMG_2599.JPG</filename>
	<path>C:\tensorflow_cards\train\IMG_2599.JPG</path>
	<source>
		<database>Unknown</database>
	</source>
	<size>
		<width>378</width>
		<height>504</height>
		<depth>3</depth>
	</size>
	<segmented>0</segmented>
	<object>
		<name>jack</name>
		<pose>Unspecified</pose>
		<truncated>0</truncated>
		<difficult>0</difficult>
		<bndbox>
			<xmin>149</xmin>
			<ymin>227</ymin>
			<xmax>317</xmax>
			<ymax>462</ymax>
		</bndbox>
	</object>
	<object>
		<name>king</name>
		<pose>Unspecified</pose>
		<truncated>0</truncated>
		<difficult>0</difficult>
		<bndbox>
			<xmin>73</xmin>
			<ymin>221</ymin>
			<xmax>150</xmax>
			<ymax>453</ymax>
		</bndbox>
	</object>
</annotation>
