<annotation>
	<folder>train</folder>
	<filename>IMG_2622.JPG</filename>
	<path>C:\tensorflow_cards\train\IMG_2622.JPG</path>
	<source>
		<database>Unknown</database>
	</source>
	<size>
		<width>378</width>
		<height>504</height>
		<depth>3</depth>
	</size>
	<segmented>0</segmented>
	<object>
		<name>ten</name>
		<pose>Unspecified</pose>
		<truncated>0</truncated>
		<difficult>0</difficult>
		<bndbox>
			<xmin>41</xmin>
			<ymin>230</ymin>
			<xmax>211</xmax>
			<ymax>469</ymax>
		</bndbox>
	</object>
	<object>
		<name>king</name>
		<pose>Unspecified</pose>
		<truncated>0</truncated>
		<difficult>0</difficult>
		<bndbox>
			<xmin>201</xmin>
			<ymin>215</ymin>
			<xmax>282</xmax>
			<ymax>452</ymax>
		</bndbox>
	</object>
</annotation>
