<annotation>
	<folder>train</folder>
	<filename>IMG_2633.JPG</filename>
	<path>C:\tensorflow_cards\train\IMG_2633.JPG</path>
	<source>
		<database>Unknown</database>
	</source>
	<size>
		<width>378</width>
		<height>504</height>
		<depth>3</depth>
	</size>
	<segmented>0</segmented>
	<object>
		<name>nine</name>
		<pose>Unspecified</pose>
		<truncated>0</truncated>
		<difficult>0</difficult>
		<bndbox>
			<xmin>176</xmin>
			<ymin>112</ymin>
			<xmax>267</xmax>
			<ymax>328</ymax>
		</bndbox>
	</object>
	<object>
		<name>jack</name>
		<pose>Unspecified</pose>
		<truncated>0</truncated>
		<difficult>0</difficult>
		<bndbox>
			<xmin>26</xmin>
			<ymin>96</ymin>
			<xmax>200</xmax>
			<ymax>330</ymax>
		</bndbox>
	</object>
</annotation>
