<annotation>
	<folder>train</folder>
	<filename>IMG_2666.JPG</filename>
	<path>C:\tensorflow_cards\train\IMG_2666.JPG</path>
	<source>
		<database>Unknown</database>
	</source>
	<size>
		<width>378</width>
		<height>504</height>
		<depth>3</depth>
	</size>
	<segmented>0</segmented>
	<object>
		<name>queen</name>
		<pose>Unspecified</pose>
		<truncated>0</truncated>
		<difficult>0</difficult>
		<bndbox>
			<xmin>57</xmin>
			<ymin>255</ymin>
			<xmax>206</xmax>
			<ymax>454</ymax>
		</bndbox>
	</object>
	<object>
		<name>ace</name>
		<pose>Unspecified</pose>
		<truncated>0</truncated>
		<difficult>0</difficult>
		<bndbox>
			<xmin>192</xmin>
			<ymin>239</ymin>
			<xmax>321</xmax>
			<ymax>413</ymax>
		</bndbox>
	</object>
</annotation>
