<annotation>
	<folder>train</folder>
	<filename>IMG_2597.JPG</filename>
	<path>C:\tensorflow_cards\train\IMG_2597.JPG</path>
	<source>
		<database>Unknown</database>
	</source>
	<size>
		<width>378</width>
		<height>504</height>
		<depth>3</depth>
	</size>
	<segmented>0</segmented>
	<object>
		<name>queen</name>
		<pose>Unspecified</pose>
		<truncated>0</truncated>
		<difficult>0</difficult>
		<bndbox>
			<xmin>80</xmin>
			<ymin>231</ymin>
			<xmax>187</xmax>
			<ymax>424</ymax>
		</bndbox>
	</object>
	<object>
		<name>jack</name>
		<pose>Unspecified</pose>
		<truncated>0</truncated>
		<difficult>0</difficult>
		<bndbox>
			<xmin>122</xmin>
			<ymin>240</ymin>
			<xmax>317</xmax>
			<ymax>466</ymax>
		</bndbox>
	</object>
</annotation>
