<annotation>
	<folder>train</folder>
	<filename>IMG_2579.JPG</filename>
	<path>C:\tensorflow_cards\train\IMG_2579.JPG</path>
	<source>
		<database>Unknown</database>
	</source>
	<size>
		<width>378</width>
		<height>504</height>
		<depth>3</depth>
	</size>
	<segmented>0</segmented>
	<object>
		<name>ten</name>
		<pose>Unspecified</pose>
		<truncated>0</truncated>
		<difficult>0</difficult>
		<bndbox>
			<xmin>181</xmin>
			<ymin>170</ymin>
			<xmax>301</xmax>
			<ymax>262</ymax>
		</bndbox>
	</object>
	<object>
		<name>ten</name>
		<pose>Unspecified</pose>
		<truncated>0</truncated>
		<difficult>0</difficult>
		<bndbox>
			<xmin>71</xmin>
			<ymin>166</ymin>
			<xmax>166</xmax>
			<ymax>280</ymax>
		</bndbox>
	</object>
	<object>
		<name>jack</name>
		<pose>Unspecified</pose>
		<truncated>0</truncated>
		<difficult>0</difficult>
		<bndbox>
			<xmin>206</xmin>
			<ymin>273</ymin>
			<xmax>291</xmax>
			<ymax>386</ymax>
		</bndbox>
	</object>
	<object>
		<name>jack</name>
		<pose>Unspecified</pose>
		<truncated>0</truncated>
		<difficult>0</difficult>
		<bndbox>
			<xmin>79</xmin>
			<ymin>294</ymin>
			<xmax>193</xmax>
			<ymax>390</ymax>
		</bndbox>
	</object>
</annotation>
