<annotation>
	<folder>train</folder>
	<filename>IMG_2576.JPG</filename>
	<path>C:\tensorflow_cards\train\IMG_2576.JPG</path>
	<source>
		<database>Unknown</database>
	</source>
	<size>
		<width>378</width>
		<height>504</height>
		<depth>3</depth>
	</size>
	<segmented>0</segmented>
	<object>
		<name>queen</name>
		<pose>Unspecified</pose>
		<truncated>0</truncated>
		<difficult>0</difficult>
		<bndbox>
			<xmin>169</xmin>
			<ymin>184</ymin>
			<xmax>339</xmax>
			<ymax>378</ymax>
		</bndbox>
	</object>
	<object>
		<name>nine</name>
		<pose>Unspecified</pose>
		<truncated>0</truncated>
		<difficult>0</difficult>
		<bndbox>
			<xmin>43</xmin>
			<ymin>202</ymin>
			<xmax>171</xmax>
			<ymax>394</ymax>
		</bndbox>
	</object>
</annotation>
