<annotation>
	<folder>train</folder>
	<filename>IMG_2679.JPG</filename>
	<path>C:\tensorflow_cards\train\IMG_2679.JPG</path>
	<source>
		<database>Unknown</database>
	</source>
	<size>
		<width>378</width>
		<height>504</height>
		<depth>3</depth>
	</size>
	<segmented>0</segmented>
	<object>
		<name>jack</name>
		<pose>Unspecified</pose>
		<truncated>0</truncated>
		<difficult>0</difficult>
		<bndbox>
			<xmin>120</xmin>
			<ymin>116</ymin>
			<xmax>327</xmax>
			<ymax>387</ymax>
		</bndbox>
	</object>
	<object>
		<name>queen</name>
		<pose>Unspecified</pose>
		<truncated>0</truncated>
		<difficult>0</difficult>
		<bndbox>
			<xmin>53</xmin>
			<ymin>130</ymin>
			<xmax>158</xmax>
			<ymax>382</ymax>
		</bndbox>
	</object>
</annotation>
