<annotation>
	<folder>train</folder>
	<filename>IMG_2667.JPG</filename>
	<path>C:\tensorflow_cards\train\IMG_2667.JPG</path>
	<source>
		<database>Unknown</database>
	</source>
	<size>
		<width>378</width>
		<height>504</height>
		<depth>3</depth>
	</size>
	<segmented>0</segmented>
	<object>
		<name>ace</name>
		<pose>Unspecified</pose>
		<truncated>0</truncated>
		<difficult>0</difficult>
		<bndbox>
			<xmin>79</xmin>
			<ymin>172</ymin>
			<xmax>164</xmax>
			<ymax>341</ymax>
		</bndbox>
	</object>
	<object>
		<name>ten</name>
		<pose>Unspecified</pose>
		<truncated>0</truncated>
		<difficult>0</difficult>
		<bndbox>
			<xmin>165</xmin>
			<ymin>177</ymin>
			<xmax>285</xmax>
			<ymax>347</ymax>
		</bndbox>
	</object>
</annotation>
