<annotation>
	<folder>train</folder>
	<filename>IMG_2657.JPG</filename>
	<path>C:\tensorflow_cards\train\IMG_2657.JPG</path>
	<source>
		<database>Unknown</database>
	</source>
	<size>
		<width>378</width>
		<height>504</height>
		<depth>3</depth>
	</size>
	<segmented>0</segmented>
	<object>
		<name>king</name>
		<pose>Unspecified</pose>
		<truncated>0</truncated>
		<difficult>0</difficult>
		<bndbox>
			<xmin>40</xmin>
			<ymin>296</ymin>
			<xmax>105</xmax>
			<ymax>454</ymax>
		</bndbox>
	</object>
	<object>
		<name>king</name>
		<pose>Unspecified</pose>
		<truncated>0</truncated>
		<difficult>0</difficult>
		<bndbox>
			<xmin>100</xmin>
			<ymin>281</ymin>
			<xmax>167</xmax>
			<ymax>433</ymax>
		</bndbox>
	</object>
	<object>
		<name>ten</name>
		<pose>Unspecified</pose>
		<truncated>0</truncated>
		<difficult>0</difficult>
		<bndbox>
			<xmin>160</xmin>
			<ymin>272</ymin>
			<xmax>267</xmax>
			<ymax>425</ymax>
		</bndbox>
	</object>
</annotation>
