<annotation>
	<folder>train</folder>
	<filename>IMG_2648.JPG</filename>
	<path>C:\tensorflow_cards\train\IMG_2648.JPG</path>
	<source>
		<database>Unknown</database>
	</source>
	<size>
		<width>378</width>
		<height>504</height>
		<depth>3</depth>
	</size>
	<segmented>0</segmented>
	<object>
		<name>queen</name>
		<pose>Unspecified</pose>
		<truncated>0</truncated>
		<difficult>0</difficult>
		<bndbox>
			<xmin>247</xmin>
			<ymin>197</ymin>
			<xmax>323</xmax>
			<ymax>407</ymax>
		</bndbox>
	</object>
	<object>
		<name>ten</name>
		<pose>Unspecified</pose>
		<truncated>0</truncated>
		<difficult>0</difficult>
		<bndbox>
			<xmin>180</xmin>
			<ymin>194</ymin>
			<xmax>249</xmax>
			<ymax>415</ymax>
		</bndbox>
	</object>
	<object>
		<name>ace</name>
		<pose>Unspecified</pose>
		<truncated>0</truncated>
		<difficult>0</difficult>
		<bndbox>
			<xmin>30</xmin>
			<ymin>202</ymin>
			<xmax>190</xmax>
			<ymax>417</ymax>
		</bndbox>
	</object>
</annotation>
