<annotation>
	<folder>train</folder>
	<filename>IMG_2641.JPG</filename>
	<path>C:\tensorflow_cards\train\IMG_2641.JPG</path>
	<source>
		<database>Unknown</database>
	</source>
	<size>
		<width>378</width>
		<height>504</height>
		<depth>3</depth>
	</size>
	<segmented>0</segmented>
	<object>
		<name>nine</name>
		<pose>Unspecified</pose>
		<truncated>0</truncated>
		<difficult>0</difficult>
		<bndbox>
			<xmin>90</xmin>
			<ymin>109</ymin>
			<xmax>276</xmax>
			<ymax>374</ymax>
		</bndbox>
	</object>
	<object>
		<name>ace</name>
		<pose>Unspecified</pose>
		<truncated>0</truncated>
		<difficult>0</difficult>
		<bndbox>
			<xmin>261</xmin>
			<ymin>91</ymin>
			<xmax>356</xmax>
			<ymax>349</ymax>
		</bndbox>
	</object>
</annotation>
