<annotation>
	<folder>train</folder>
	<filename>IMG_2664.JPG</filename>
	<path>C:\tensorflow_cards\train\IMG_2664.JPG</path>
	<source>
		<database>Unknown</database>
	</source>
	<size>
		<width>378</width>
		<height>504</height>
		<depth>3</depth>
	</size>
	<segmented>0</segmented>
	<object>
		<name>jack</name>
		<pose>Unspecified</pose>
		<truncated>0</truncated>
		<difficult>0</difficult>
		<bndbox>
			<xmin>122</xmin>
			<ymin>149</ymin>
			<xmax>288</xmax>
			<ymax>368</ymax>
		</bndbox>
	</object>
	<object>
		<name>ace</name>
		<pose>Unspecified</pose>
		<truncated>0</truncated>
		<difficult>0</difficult>
		<bndbox>
			<xmin>56</xmin>
			<ymin>164</ymin>
			<xmax>126</xmax>
			<ymax>384</ymax>
		</bndbox>
	</object>
</annotation>
