<annotation>
	<folder>train</folder>
	<filename>IMG_2627.JPG</filename>
	<path>C:\tensorflow_cards\train\IMG_2627.JPG</path>
	<source>
		<database>Unknown</database>
	</source>
	<size>
		<width>378</width>
		<height>504</height>
		<depth>3</depth>
	</size>
	<segmented>0</segmented>
	<object>
		<name>king</name>
		<pose>Unspecified</pose>
		<truncated>0</truncated>
		<difficult>0</difficult>
		<bndbox>
			<xmin>14</xmin>
			<ymin>126</ymin>
			<xmax>270</xmax>
			<ymax>402</ymax>
		</bndbox>
	</object>
	<object>
		<name>queen</name>
		<pose>Unspecified</pose>
		<truncated>0</truncated>
		<difficult>0</difficult>
		<bndbox>
			<xmin>154</xmin>
			<ymin>117</ymin>
			<xmax>342</xmax>
			<ymax>346</ymax>
		</bndbox>
	</object>
</annotation>
