<annotation>
	<folder>train</folder>
	<filename>IMG_2446.JPG</filename>
	<path>C:\tensorflow_cards\train\IMG_2446.JPG</path>
	<source>
		<database>Unknown</database>
	</source>
	<size>
		<width>378</width>
		<height>504</height>
		<depth>3</depth>
	</size>
	<segmented>0</segmented>
	<object>
		<name>ace</name>
		<pose>Unspecified</pose>
		<truncated>0</truncated>
		<difficult>0</difficult>
		<bndbox>
			<xmin>112</xmin>
			<ymin>199</ymin>
			<xmax>287</xmax>
			<ymax>365</ymax>
		</bndbox>
	</object>
</annotation>
