<annotation>
	<folder>train</folder>
	<filename>IMG_2653.JPG</filename>
	<path>C:\tensorflow_cards\train\IMG_2653.JPG</path>
	<source>
		<database>Unknown</database>
	</source>
	<size>
		<width>378</width>
		<height>504</height>
		<depth>3</depth>
	</size>
	<segmented>0</segmented>
	<object>
		<name>queen</name>
		<pose>Unspecified</pose>
		<truncated>0</truncated>
		<difficult>0</difficult>
		<bndbox>
			<xmin>79</xmin>
			<ymin>143</ymin>
			<xmax>263</xmax>
			<ymax>387</ymax>
		</bndbox>
	</object>
	<object>
		<name>king</name>
		<pose>Unspecified</pose>
		<truncated>0</truncated>
		<difficult>0</difficult>
		<bndbox>
			<xmin>247</xmin>
			<ymin>141</ymin>
			<xmax>344</xmax>
			<ymax>381</ymax>
		</bndbox>
	</object>
</annotation>
