<annotation>
	<folder>train</folder>
	<filename>IMG_2661.JPG</filename>
	<path>C:\tensorflow_cards\train\IMG_2661.JPG</path>
	<source>
		<database>Unknown</database>
	</source>
	<size>
		<width>378</width>
		<height>504</height>
		<depth>3</depth>
	</size>
	<segmented>0</segmented>
	<object>
		<name>nine</name>
		<pose>Unspecified</pose>
		<truncated>0</truncated>
		<difficult>0</difficult>
		<bndbox>
			<xmin>30</xmin>
			<ymin>98</ymin>
			<xmax>224</xmax>
			<ymax>341</ymax>
		</bndbox>
	</object>
	<object>
		<name>queen</name>
		<pose>Unspecified</pose>
		<truncated>0</truncated>
		<difficult>0</difficult>
		<bndbox>
			<xmin>130</xmin>
			<ymin>130</ymin>
			<xmax>352</xmax>
			<ymax>393</ymax>
		</bndbox>
	</object>
</annotation>
