<annotation>
	<folder>train</folder>
	<filename>IMG_2683.JPG</filename>
	<path>C:\tensorflow_cards\train\IMG_2683.JPG</path>
	<source>
		<database>Unknown</database>
	</source>
	<size>
		<width>378</width>
		<height>504</height>
		<depth>3</depth>
	</size>
	<segmented>0</segmented>
	<object>
		<name>jack</name>
		<pose>Unspecified</pose>
		<truncated>0</truncated>
		<difficult>0</difficult>
		<bndbox>
			<xmin>140</xmin>
			<ymin>63</ymin>
			<xmax>337</xmax>
			<ymax>331</ymax>
		</bndbox>
	</object>
	<object>
		<name>king</name>
		<pose>Unspecified</pose>
		<truncated>0</truncated>
		<difficult>0</difficult>
		<bndbox>
			<xmin>57</xmin>
			<ymin>59</ymin>
			<xmax>152</xmax>
			<ymax>318</ymax>
		</bndbox>
	</object>
</annotation>
