<annotation>
	<folder>train</folder>
	<filename>IMG_2478.JPG</filename>
	<path>C:\tensorflow_cards\train\IMG_2478.JPG</path>
	<source>
		<database>Unknown</database>
	</source>
	<size>
		<width>378</width>
		<height>504</height>
		<depth>3</depth>
	</size>
	<segmented>0</segmented>
	<object>
		<name>ten</name>
		<pose>Unspecified</pose>
		<truncated>0</truncated>
		<difficult>0</difficult>
		<bndbox>
			<xmin>83</xmin>
			<ymin>233</ymin>
			<xmax>288</xmax>
			<ymax>432</ymax>
		</bndbox>
	</object>
</annotation>
