<annotation>
	<folder>train</folder>
	<filename>IMG_2649.JPG</filename>
	<path>C:\tensorflow_cards\train\IMG_2649.JPG</path>
	<source>
		<database>Unknown</database>
	</source>
	<size>
		<width>378</width>
		<height>504</height>
		<depth>3</depth>
	</size>
	<segmented>0</segmented>
	<object>
		<name>nine</name>
		<pose>Unspecified</pose>
		<truncated>0</truncated>
		<difficult>0</difficult>
		<bndbox>
			<xmin>85</xmin>
			<ymin>88</ymin>
			<xmax>203</xmax>
			<ymax>257</ymax>
		</bndbox>
	</object>
	<object>
		<name>jack</name>
		<pose>Unspecified</pose>
		<truncated>0</truncated>
		<difficult>0</difficult>
		<bndbox>
			<xmin>198</xmin>
			<ymin>93</ymin>
			<xmax>264</xmax>
			<ymax>259</ymax>
		</bndbox>
	</object>
	<object>
		<name>jack</name>
		<pose>Unspecified</pose>
		<truncated>0</truncated>
		<difficult>0</difficult>
		<bndbox>
			<xmin>260</xmin>
			<ymin>91</ymin>
			<xmax>334</xmax>
			<ymax>257</ymax>
		</bndbox>
	</object>
</annotation>
