<annotation>
	<folder>train</folder>
	<filename>IMG_2582.JPG</filename>
	<path>C:\tensorflow_cards\train\IMG_2582.JPG</path>
	<source>
		<database>Unknown</database>
	</source>
	<size>
		<width>378</width>
		<height>504</height>
		<depth>3</depth>
	</size>
	<segmented>0</segmented>
	<object>
		<name>ace</name>
		<pose>Unspecified</pose>
		<truncated>0</truncated>
		<difficult>0</difficult>
		<bndbox>
			<xmin>92</xmin>
			<ymin>254</ymin>
			<xmax>185</xmax>
			<ymax>367</ymax>
		</bndbox>
	</object>
	<object>
		<name>ace</name>
		<pose>Unspecified</pose>
		<truncated>0</truncated>
		<difficult>0</difficult>
		<bndbox>
			<xmin>53</xmin>
			<ymin>101</ymin>
			<xmax>155</xmax>
			<ymax>227</ymax>
		</bndbox>
	</object>
	<object>
		<name>queen</name>
		<pose>Unspecified</pose>
		<truncated>0</truncated>
		<difficult>0</difficult>
		<bndbox>
			<xmin>235</xmin>
			<ymin>135</ymin>
			<xmax>348</xmax>
			<ymax>224</ymax>
		</bndbox>
	</object>
</annotation>
