<annotation>
	<folder>train</folder>
	<filename>IMG_2669.JPG</filename>
	<path>C:\tensorflow_cards\train\IMG_2669.JPG</path>
	<source>
		<database>Unknown</database>
	</source>
	<size>
		<width>378</width>
		<height>504</height>
		<depth>3</depth>
	</size>
	<segmented>0</segmented>
	<object>
		<name>jack</name>
		<pose>Unspecified</pose>
		<truncated>0</truncated>
		<difficult>0</difficult>
		<bndbox>
			<xmin>200</xmin>
			<ymin>210</ymin>
			<xmax>362</xmax>
			<ymax>407</ymax>
		</bndbox>
	</object>
	<object>
		<name>jack</name>
		<pose>Unspecified</pose>
		<truncated>0</truncated>
		<difficult>0</difficult>
		<bndbox>
			<xmin>114</xmin>
			<ymin>218</ymin>
			<xmax>228</xmax>
			<ymax>413</ymax>
		</bndbox>
	</object>
	<object>
		<name>nine</name>
		<pose>Unspecified</pose>
		<truncated>0</truncated>
		<difficult>0</difficult>
		<bndbox>
			<xmin>20</xmin>
			<ymin>220</ymin>
			<xmax>126</xmax>
			<ymax>414</ymax>
		</bndbox>
	</object>
</annotation>
