<annotation>
	<folder>train</folder>
	<filename>IMG_2674.JPG</filename>
	<path>C:\tensorflow_cards\train\IMG_2674.JPG</path>
	<source>
		<database>Unknown</database>
	</source>
	<size>
		<width>378</width>
		<height>504</height>
		<depth>3</depth>
	</size>
	<segmented>0</segmented>
	<object>
		<name>ace</name>
		<pose>Unspecified</pose>
		<truncated>0</truncated>
		<difficult>0</difficult>
		<bndbox>
			<xmin>171</xmin>
			<ymin>119</ymin>
			<xmax>308</xmax>
			<ymax>316</ymax>
		</bndbox>
	</object>
	<object>
		<name>ten</name>
		<pose>Unspecified</pose>
		<truncated>0</truncated>
		<difficult>0</difficult>
		<bndbox>
			<xmin>32</xmin>
			<ymin>71</ymin>
			<xmax>175</xmax>
			<ymax>300</ymax>
		</bndbox>
	</object>
</annotation>
