<annotation>
	<folder>train</folder>
	<filename>IMG_2626.JPG</filename>
	<path>C:\tensorflow_cards\train\IMG_2626.JPG</path>
	<source>
		<database>Unknown</database>
	</source>
	<size>
		<width>378</width>
		<height>504</height>
		<depth>3</depth>
	</size>
	<segmented>0</segmented>
	<object>
		<name>king</name>
		<pose>Unspecified</pose>
		<truncated>0</truncated>
		<difficult>0</difficult>
		<bndbox>
			<xmin>29</xmin>
			<ymin>32</ymin>
			<xmax>198</xmax>
			<ymax>239</ymax>
		</bndbox>
	</object>
	<object>
		<name>ace</name>
		<pose>Unspecified</pose>
		<truncated>0</truncated>
		<difficult>0</difficult>
		<bndbox>
			<xmin>160</xmin>
			<ymin>75</ymin>
			<xmax>260</xmax>
			<ymax>254</ymax>
		</bndbox>
	</object>
	<object>
		<name>ten</name>
		<pose>Unspecified</pose>
		<truncated>0</truncated>
		<difficult>0</difficult>
		<bndbox>
			<xmin>247</xmin>
			<ymin>51</ymin>
			<xmax>360</xmax>
			<ymax>254</ymax>
		</bndbox>
	</object>
</annotation>
