<annotation>
	<folder>train</folder>
	<filename>IMG_2613.JPG</filename>
	<path>C:\tensorflow_cards\train\IMG_2613.JPG</path>
	<source>
		<database>Unknown</database>
	</source>
	<size>
		<width>378</width>
		<height>504</height>
		<depth>3</depth>
	</size>
	<segmented>0</segmented>
	<object>
		<name>queen</name>
		<pose>Unspecified</pose>
		<truncated>1</truncated>
		<difficult>0</difficult>
		<bndbox>
			<xmin>302</xmin>
			<ymin>255</ymin>
			<xmax>378</xmax>
			<ymax>399</ymax>
		</bndbox>
	</object>
	<object>
		<name>queen</name>
		<pose>Unspecified</pose>
		<truncated>0</truncated>
		<difficult>0</difficult>
		<bndbox>
			<xmin>15</xmin>
			<ymin>145</ymin>
			<xmax>173</xmax>
			<ymax>333</ymax>
		</bndbox>
	</object>
	<object>
		<name>jack</name>
		<pose>Unspecified</pose>
		<truncated>1</truncated>
		<difficult>0</difficult>
		<bndbox>
			<xmin>61</xmin>
			<ymin>324</ymin>
			<xmax>260</xmax>
			<ymax>504</ymax>
		</bndbox>
	</object>
	<object>
		<name>ace</name>
		<pose>Unspecified</pose>
		<truncated>1</truncated>
		<difficult>0</difficult>
		<bndbox>
			<xmin>103</xmin>
			<ymin>1</ymin>
			<xmax>280</xmax>
			<ymax>136</ymax>
		</bndbox>
	</object>
</annotation>
