<annotation>
	<folder>train</folder>
	<filename>IMG_2596.JPG</filename>
	<path>C:\tensorflow_cards\train\IMG_2596.JPG</path>
	<source>
		<database>Unknown</database>
	</source>
	<size>
		<width>378</width>
		<height>504</height>
		<depth>3</depth>
	</size>
	<segmented>0</segmented>
	<object>
		<name>nine</name>
		<pose>Unspecified</pose>
		<truncated>0</truncated>
		<difficult>0</difficult>
		<bndbox>
			<xmin>154</xmin>
			<ymin>125</ymin>
			<xmax>243</xmax>
			<ymax>252</ymax>
		</bndbox>
	</object>
	<object>
		<name>queen</name>
		<pose>Unspecified</pose>
		<truncated>0</truncated>
		<difficult>0</difficult>
		<bndbox>
			<xmin>112</xmin>
			<ymin>129</ymin>
			<xmax>157</xmax>
			<ymax>254</ymax>
		</bndbox>
	</object>
</annotation>
