<annotation>
	<folder>train</folder>
	<filename>IMG_2578.JPG</filename>
	<path>C:\tensorflow_cards\train\IMG_2578.JPG</path>
	<source>
		<database>Unknown</database>
	</source>
	<size>
		<width>378</width>
		<height>504</height>
		<depth>3</depth>
	</size>
	<segmented>0</segmented>
	<object>
		<name>queen</name>
		<pose>Unspecified</pose>
		<truncated>0</truncated>
		<difficult>0</difficult>
		<bndbox>
			<xmin>17</xmin>
			<ymin>19</ymin>
			<xmax>140</xmax>
			<ymax>182</ymax>
		</bndbox>
	</object>
	<object>
		<name>king</name>
		<pose>Unspecified</pose>
		<truncated>0</truncated>
		<difficult>0</difficult>
		<bndbox>
			<xmin>141</xmin>
			<ymin>59</ymin>
			<xmax>236</xmax>
			<ymax>195</ymax>
		</bndbox>
	</object>
	<object>
		<name>king</name>
		<pose>Unspecified</pose>
		<truncated>0</truncated>
		<difficult>0</difficult>
		<bndbox>
			<xmin>81</xmin>
			<ymin>236</ymin>
			<xmax>200</xmax>
			<ymax>363</ymax>
		</bndbox>
	</object>
	<object>
		<name>queen</name>
		<pose>Unspecified</pose>
		<truncated>0</truncated>
		<difficult>0</difficult>
		<bndbox>
			<xmin>260</xmin>
			<ymin>173</ymin>
			<xmax>342</xmax>
			<ymax>308</ymax>
		</bndbox>
	</object>
</annotation>
