<annotation>
	<folder>train</folder>
	<filename>IMG_2681.JPG</filename>
	<path>C:\tensorflow_cards\train\IMG_2681.JPG</path>
	<source>
		<database>Unknown</database>
	</source>
	<size>
		<width>378</width>
		<height>504</height>
		<depth>3</depth>
	</size>
	<segmented>0</segmented>
	<object>
		<name>nine</name>
		<pose>Unspecified</pose>
		<truncated>0</truncated>
		<difficult>0</difficult>
		<bndbox>
			<xmin>29</xmin>
			<ymin>262</ymin>
			<xmax>108</xmax>
			<ymax>459</ymax>
		</bndbox>
	</object>
	<object>
		<name>ten</name>
		<pose>Unspecified</pose>
		<truncated>0</truncated>
		<difficult>0</difficult>
		<bndbox>
			<xmin>99</xmin>
			<ymin>249</ymin>
			<xmax>238</xmax>
			<ymax>425</ymax>
		</bndbox>
	</object>
</annotation>
