<annotation>
	<folder>train</folder>
	<filename>IMG_2672.JPG</filename>
	<path>C:\tensorflow_cards\train\IMG_2672.JPG</path>
	<source>
		<database>Unknown</database>
	</source>
	<size>
		<width>378</width>
		<height>504</height>
		<depth>3</depth>
	</size>
	<segmented>0</segmented>
	<object>
		<name>nine</name>
		<pose>Unspecified</pose>
		<truncated>0</truncated>
		<difficult>0</difficult>
		<bndbox>
			<xmin>150</xmin>
			<ymin>225</ymin>
			<xmax>301</xmax>
			<ymax>407</ymax>
		</bndbox>
	</object>
	<object>
		<name>ten</name>
		<pose>Unspecified</pose>
		<truncated>0</truncated>
		<difficult>0</difficult>
		<bndbox>
			<xmin>83</xmin>
			<ymin>222</ymin>
			<xmax>198</xmax>
			<ymax>393</ymax>
		</bndbox>
	</object>
</annotation>
