<annotation>
	<folder>train</folder>
	<filename>IMG_2635.JPG</filename>
	<path>C:\tensorflow_cards\train\IMG_2635.JPG</path>
	<source>
		<database>Unknown</database>
	</source>
	<size>
		<width>378</width>
		<height>504</height>
		<depth>3</depth>
	</size>
	<segmented>0</segmented>
	<object>
		<name>queen</name>
		<pose>Unspecified</pose>
		<truncated>0</truncated>
		<difficult>0</difficult>
		<bndbox>
			<xmin>26</xmin>
			<ymin>43</ymin>
			<xmax>187</xmax>
			<ymax>258</ymax>
		</bndbox>
	</object>
	<object>
		<name>king</name>
		<pose>Unspecified</pose>
		<truncated>0</truncated>
		<difficult>0</difficult>
		<bndbox>
			<xmin>153</xmin>
			<ymin>54</ymin>
			<xmax>273</xmax>
			<ymax>260</ymax>
		</bndbox>
	</object>
	<object>
		<name>ace</name>
		<pose>Unspecified</pose>
		<truncated>0</truncated>
		<difficult>0</difficult>
		<bndbox>
			<xmin>260</xmin>
			<ymin>36</ymin>
			<xmax>343</xmax>
			<ymax>244</ymax>
		</bndbox>
	</object>
</annotation>
