<annotation>
	<folder>train</folder>
	<filename>IMG_2668.JPG</filename>
	<path>C:\tensorflow_cards\train\IMG_2668.JPG</path>
	<source>
		<database>Unknown</database>
	</source>
	<size>
		<width>378</width>
		<height>504</height>
		<depth>3</depth>
	</size>
	<segmented>0</segmented>
	<object>
		<name>ten</name>
		<pose>Unspecified</pose>
		<truncated>0</truncated>
		<difficult>0</difficult>
		<bndbox>
			<xmin>96</xmin>
			<ymin>147</ymin>
			<xmax>176</xmax>
			<ymax>360</ymax>
		</bndbox>
	</object>
	<object>
		<name>jack</name>
		<pose>Unspecified</pose>
		<truncated>0</truncated>
		<difficult>0</difficult>
		<bndbox>
			<xmin>171</xmin>
			<ymin>146</ymin>
			<xmax>336</xmax>
			<ymax>370</ymax>
		</bndbox>
	</object>
</annotation>
